{
  "accuracy": [
    0.953125,
    1.0
  ],
  "auc": [
    0.9901959896087646,
    1.0
  ],
  "loss": [
    0.1921026110649109,
    0.00662157591432333
  ],
  "val_accuracy": [
    0.625,
    0.625
  ],
  "val_auc": [
    1.0,
    1.0
  ],
  "val_loss": [
    0.5537585020065308,
    0.4898116886615753
  ],
  "learning_rate": [
    0.0010000000474974513,
    0.0010000000474974513
  ]
}